,Id_Cuadrante,Cuarteles,Necesidad,Oferta_Total,Diferencia
0,1,0.88,0.91029888,5,4.96970112
1,2,0.88,0.71979024,5,5.16020976
2,3,0.0,0.70342968,5,4.29657032
3,4,0.0,1.67269056,8,6.32730944
4,5,0.0,0.6752369524617488,4,3.324763047538251
5,6,0.6,0.7784665678478866,4,3.821533432152113
6,7,0.0,0.8123940810215379,4,3.187605918978462
